Rental flat Y/N,Postal Code,Address,Total units,1-room (units),2-room (units),3-room (units),Charities serving block,Demographic,Food needed,Frequency needed
,050005,Blk 5 Banda Street,430,430,0,0,,,,
,080333,Blk 333 Kreta Ayer Road,126,0,126,0,,,,
,090003,Blk 3 Telok Blangah Crescent,264,264,0,0,THK SAC @ Telok Blangah Crescent / Apex Club of Singapore (City) @ Blk 5A,,,
,090004,Blk 4 Telok Blangah Crescent,264,264,0,0,THK SAC @ Telok Blangah Crescent @ Blk 3,,,
,090019,Blk 19 Telok Blangah Crescent,364,364,0,0,,,,
,090029,Blk 29 Telok Blangah Rise,154,0,154,0,Beyond Social Services,,,
,090041,Blk 41 Telok Blangah Rise,182,0,182,0,,,,
,100045,Blk 45 Telok Blangah Drive,318,0,318,0,,,,
,100076,Blk 76 Telok Blangah Drive,240,0,240,0,,,,
N,600101,Blk 101 Jurong East Street 13,,,,,"PA (Yuhua), Loving Heart MSC (Yuhua)",,,
N,600102,Blk 102 Jurong East Street 13,,,,,"PA (Yuhua), Loving Heart MSC (Yuhua)",,,
,120344,Blk 344 Clementi Avenue 5,220,0,220,0,,,,
,120366,Blk 366 Clementi Avenue 2,126,84,42,42,,,,
,120367,Blk 367 Clementi Avenue 2,126,84,42,42,,,,
,120419,Blk 419 Clementi Avenue 1,221,136,85,0,,,,
,120422,Blk 422 Clementi Avenue 1,289,170,119,0,,,,
N,600104,Blk 104 Jurong East Street 13,,,,,"PA (Yuhua), Loving Heart MSC (Yuhua)",,,
,130004,Blk 4 Dover Road,182,0,182,0,,,,
,140045,Blk 45 Stirling Road,98,21,77,14,,,,
N,600105,Blk 105 Jurong East Street 13,,,,,Loving Heart MSC (Jurong),,,
,140103,Blk 103 Commonwealth Crescent,99,0,99,0,,,,
,140104,Blk 104 Commonwealth Crescent,99,0,99,0,,,,
,140106,Blk 106 Commonwealth Crescent,99,0,99,0,,,,
,140107,Blk 107 Commonwealth Crescent,99,0,99,0,,,,
,140151,Blk 151 Mei Ling Street,196,196,0,0,,,,
,140155,Blk 155 Mei Ling Street,144,0,144,0,,,,
,141048,Blk 48 Stirling Road,98,21,77,14,,,,
,141049,Blk 49 Stirling Road,84,18,66,12,Beyond Social Services,,,
,150003,Blk 3 Jalan Bukit Merah,520,520,0,0,,,,
,150056,Blk 56 Lengkok Bahru,176,0,176,0,,,,
,150058,Blk 58 Lengkok Bahru,176,0,176,0,,,,
,150059,Blk 59 Lengkok Bahru,176,0,176,0,,,,
N,600110,Blk 110 Jurong East Street 13,,,,,"PA (Yuhua), Loving Heart MSC (Yuhua)",,,
N,610112,Blk 112 Ho Ching Road,,,,,Loving Heart MSC (Jurong),,,
,150061,Blk 61 Lengkok Bahru,144,0,144,0,,,,
N,600113,Blk 113 Jurong East Street 13,,,,,"PA (Yuhua), Loving Heart MSC (Yuhua)",,,
N,610113,Blk 113 Tao Ching Road,,,,,Loving Heart MSC (Jurong),,,
,150071,Blk 71 Redhill Road,172,136,36,0,,,,
,150072,Blk 72 Redhill Road,181,145,36,0,,,,
,150078,Blk 78 Redhill Lane,144,0,144,0,,,,
N,600115,Blk 115 Jurong East Street 13,,,,,"PA (Yuhua), Loving Heart MSC (Yuhua)",,,
,150089,Blk 89 Redhill Close,264,264,0,0,Apex Club of Singapore (Bukit Timah),,,
,150090,Blk 90 Redhill Close,264,264,0,0,Apex Club of Singapore,,,
,150091,Blk 91 Henderson Road,360,0,360,0,"Food Bank, Beyond Social Services, Jamiyah Food Bank, THK SAC @ Henderson (Satellite 93) @ Blk 93",,,
,150092,Blk 92 Henderson Road,360,0,360,0,"Food Bank, Beyond Social Services, Jamiyah Food Bank, THK SAC @ Henderson (Satellite 93) @ Blk 93",,,
,150093,Blk 93 Henderson Road,360,0,360,0,"Food Bank, Beyond Social Services, Jamiyah Food Bank, THK SAC @ Henderson (Satellite 93) @ Blk 93",,,
,151055,Blk 55 Lengkok Bahru,360,0,360,60,,,,
,151057,Blk 57 Lengkok Bahru,176,0,176,0,Free Food For All,,,
,151117,Blk 117 Bukit Merah View,136,0,136,18,THK SAC @ Bukit Merah View @ Blk 118,,,
,151123,Blk 123 Bukit Merah View,320,320,0,0,THK SAC @ Bukit Merah View @ Blk 118?,,,
,152120,Blk 121 Bukit Merah View,224,224,0,0,"Beyond Social Services, THK SAC @ Bukit Merah View @ Blk 118?",,,
,160042,Blk 42 Beo Crescent,126,0,126,0,THK SAC @ Beo Crescent @ Blk 44,,,
,160044,Blk 44 Beo Crescent,126,0,126,0,THK SAC @ Beo Crescent @ Blk 44,,,
,160048,Blk 48 Lower Delta Road,382,0,382,0,,,,
,160050,Blk 50 Havelock Road,96,0,96,0,,,,
,160051,Blk 51 Chin Swee Road,328,328,0,0,,,,
,160052,Blk 52 Chin Swee Road,272,271,1,0,,,,
,160104,Blk 104 Jalan Bukit Merah,216,0,216,0,"Beyond Social Service, Sincere Hope",,,
,160105,Blk 105 Jalan Bukit Merah,378,360,18,0,"Beyond Social Services, Sincere Hope, Apex Club of Singapore (City), YWCA Meals on Wheels, Singapore Buddhist Lodge",,,
,160106,Blk 106 Jalan Bukit Merah,330,312,18,0,"Beyond Social Services, Sincere Hope",,,
,160110,Blk 110 Jalan Bukit Merah,147,0,147,20,"Beyond Social Services, Sincere Hope",,,
,160115,Blk 115 Jalan Bukit Merah,126,0,126,18,"Beyond Social Services, Sincere Hope",,,
,160116,Blk 116 Jalan Bukit Merah,136,0,136,18,,,,
,160117,Blk 117 Jalan Bukit Merah,136,0,136,18,,,,
,160124,Blk 124 Kim Tian Place,288,288,0,0,,,,
,161001,Blk 1 Jalan Kukoh,56,0,56,14,,,,
,161003,Blk 3 Jalan Kukoh,270,270,0,0,,,,
,161005,Blk 5 Jalan Minyak,132,0,132,11,,,,
,161010,Blk 10 Jalan Bukit Ho Swee,120,0,120,0,,,,
,161079,Blk 79 Indus Road,520,520,0,0,"CDL, THK Indus Moral CARE",,,
,162002,Blk 2 Jalan Bukit Ho Swee,120,0,120,0,,,,
,162006,Blk 6 Jalan Minyak,144,0,144,12,,,,
,162011,Blk 11 York Hill,198,176,22,0,,,,
,162013,Blk 13 York Hill,182,160,22,0,,,,
,163002,Blk 2 Jalan Kukoh,264,264,0,0,,,,
,163004,Blk 4 Jalan Minyak,144,0,144,12,,,,
,163012,Blk 12 York Hill,198,176,22,0,,,,
,168789,Blk 1 Spooner Road,0,?,?,?,,,,
,168790,Blk 2 Spooner Road,0,?,?,?,,,,
,190004,Blk 4 Beach Road,336,336,0,0,,,,
,190005,Blk 5 Beach Road,336,336,0,0,,,,
,190006,Blk 6 Beach Road,169,57,112,1,,,,
,190007,Blk 7 North Bridge Road,348,336,12,0,,,,
,190008,Blk 8 North Bridge Road,348,336,12,0,,,,
,190009,Blk 9 North Bridge Road,348,336,12,0,,,,
,190010,Blk 10 North Bridge Road,224,224,0,0,,,,
,190018,Blk 18 Jalan Sultan,150,0,150,0,,,,
,190019,Blk 19 Jalan Sultan,150,0,150,0,,,,
,200001,Blk 1 Maude Road,176,0,176,0,Beyond Social Services,,,
,200002,Blk 2 Kitchener Road,176,0,176,0,,,,
,200008,Blk 8 French Road,304,304,0,0,,,,
,200025,Blk 25 Jalan Berseh,298,0,298,0,,,,
,200805,Blk 805 King George's Avenue,176,0,176,0,,,,
,201007,Blk 7 King George's Avenue,252,252,0,0,,,,
,210047,Blk 47 Owen Road,194,180,14,0,,,,
,270016,Blk 16 Ghim Moh Road,208,0,208,0,"Beyond Social Services, Genuine Hearts",,,
,270017,Blk 17 Ghim Moh Road,208,0,208,0,"Beyond Social Services, Genuine Hearts",,,
,270018,Blk 179 Boon Lay Drive,180,140,40,0,,,,
,270018,Blk 18 Ghim Moh Road,208,0,208,0,"Beyond Social Services, Genuine Hearts",,,
,271001,Blk 1 Holland Close,319,319,0,0,Fei Yue SAC,,,
,310005,Blk 5 Lorong 7 Toa Payoh,258,258,0,0,Care Corner SAC,,,
,310015,Blk 15 Lorong 7 Toa Payoh,257,257,0,0,THK SAC @ Blk 15 ,,,
,310029,Blk 29 Lorong 5 Toa Payoh,196,0,196,0,THK SAC @ Toa Payoh 31,,,
,310031,Blk 31 Lorong 5 Toa Payoh,345,345,0,0,THK SAC @ Toa Payoh 31,,,
,310052,Blk 52 Lorong 6 Toa Payoh,332,0,332,1,,,,
,310054,Blk 54 Lorong 5 Toa Payoh,176,0,176,0,,,,
,310055,Blk 55 Lorong 5 Toa Payoh,176,0,176,0,,,,
N,600208,Blk 208 Jurong East Street 21,,,,,THKMC (West) ,,,
,310056,Blk 56 Lorong 4 Toa Payoh,120,0,120,20,"Fei Yue FSC, Care Corner SAC",,,
,310058,Blk 58 Lorong 4 Toa Payoh,119,0,119,19,,,,
N,600210,Blk 210 Jurong East Street 21,,,,,"PA (Yuhua), Loving Heart MSC (Yuhua)",,,
,310063,Blk 63 Lorong 5 Toa Payoh,237,0,237,0,"Free Food For All, Care Corner SAC @Blk 62B",,,
N,600211,Blk 211 Jurong East Street 21,,,,,"PA (Yuhua), Loving Heart MSC (Yuhua)",,,
,310064,Blk 64 Lorong 5 Toa Payoh,239,0,239,0,,,,
N,600217,Blk 217 Jurong East Street 21,,,,,"PA (Yuhua), Loving Heart MSC (Yuhua)",,,
,310068,Blk 68 Lorong 5 Toa Payoh,229,0,229,11,,,,
,310103,Blk 103 Lorong 1 Toa Payoh,158,0,158,0,,,,
,310104,Blk 104 Lorong 1 Toa Payoh,160,0,160,0,,,,
,310105,Blk 105 Lorong 1 Toa Payoh,160,0,160,0,,,,
,310106,Blk 106 Lorong 1 Toa Payoh,159,0,159,0,Care Corner SAC,,,
,310148,Blk 148 Lorong 1 Toa Payoh,180,0,180,0,,,,
,310149,Blk 149 Lorong 1 Toa Payoh,180,0,180,0,Care Corner SAC,,,
N,601225,Blk 225A Jurong East Street 21,,,,,Loving Heart MSC (Yuhua),,,
N,600229,Blk 229 Jurong East Street 21,,,,,"PA (Yuhua), Loving Heart MSC (Yuhua)",,,
,310150,Blk 150 Lorong 1 Toa Payoh,180,0,180,0,,,,
N,650231,Blk 231 Bukit Batok East Avenue 5,,,,,THKMC (West),,,
N,600231,Blk 231 Jurong East Street 21,,,,,"PA (Yuhua), Loving Heart MSC (Yuhua)",,,
N,650233,Blk 233 Bukit Batok East Avenue 5,,,,,THKMC (West),,,
N,600233,Blk 233 Jurong East Street 21,,,,,Loving Heart MSC (Yuhua),,,
N,650235,Blk 235 Bukit Batok East Avenue 5,,,,,THKMC (West),,,
N,600236,Blk 236 Jurong East Street 21,,,,,"PA (Yuhua), Loving Heart MSC (Yuhua)",,,
,310160,Blk 160 Lorong 1 Toa Payoh,176,0,176,0,Care Corner SAC @ Blk 158,,,
N,650240,Blk 240 Bukit Batok East Avenue 5,,,,,THKMC (West),,,
N,600240,Blk 240 Jurong East Street 21,,,,,"PA (Yuhua), Loving Heart MSC (Yuhua)",,,
N,650241,Blk 241 Bukit Batok East Avenue 5,,,,,THKMC (West),,,
N,650243,Blk 243 Bukit Batok East Avenue 5,,,,,THKMC (West),,,
,310161,Blk 161 Lorong 1 Toa Payoh,176,0,176,0,,,,
,310170,Blk 170 Lorong 1 Toa Payoh,308,308,0,0,Care Corner SAC / Apex Club of Singapore (Radin Mas),,,
N,600247,Blk 247 Jurong East Street 24,,,,,Loving Heart MSC (Yuhua),,,
N,600248,Blk 248 Jurong East Street 24,,,,,"PA (Yuhua), Loving Heart MSC (Yuhua)",,,
,320020,Blk 20 Jalan Tenteram,320,0,320,0,,,,
,320021,Blk 21 Jalan Tenteram,320,0,320,0,,,,
N,650250,Blk 250 Bukit Batok East Avenue 5,,,,,THKMC (West),,,
N,600251,Blk 251 Jurong East Street 24,,,,,"PA (Yuhua), Loving Heart MSC (Yuhua)",,,
N,600252,Blk 252 Jurong East Street 24,,,,,"PA (Yuhua), Loving Heart MSC (Yuhua)",,,
N,650256,Blk 256 Bukit Batok East Avenue 4,,,,,THKMC (West),,,
N,600256,Blk 256 Jurong East Street 24,,,,,Loving Heart MSC (Yuhua),,,
,320022,Blk 22 Jalan Tenteram,118,0,118,0,,,,
N,600257,Blk 257 Jurong East Street 24,,,,,"PA (Yuhua), Loving Heart MSC (Yuhua)",,,
,330031,Blk 31 Bendemeer Road,288,288,0,0,,,,
N,650260,Blk 260 Bukit Batok East Avenue 4,,,,,THKMC (West),,,
N,600262,Blk 262 Jurong East Street 24,,,,,Loving Heart MSC (Yuhua),,,
N,650263,Blk 263 Bukit Batok East Avenue 4,,,,,THKMC (West),,,
N,600263,Blk 263 Jurong East Street 24,,,,,Loving Heart MSC (Yuhua),,,
N,600264,Blk 264 Jurong East Street 24,,,,,Loving Heart MSC (Yuhua),,,
N,650269,Blk 269 Bukit Batok East Avenue 4,,,,,THKMC (West),,,
,330032,Blk 32 Bendemeer Road,276,276,0,0,,,,
,330033,Blk 33 Bendemeer Road,288,288,0,0,,,,
N,650271,Blk 271 Bukit Batok East Avenue 4,,,,,THKMC (West),,,
N,650272,Blk 272 Bukit Batok East Avenue 4,,,,,THKMC (West),,,
N,650285,Blk 285 Bukit Batok East Avenue 3,,,,,THKMC (West),,,
N,654288,Blk 288E Bukit Batok Street 25,,,,,THKMC (West),,,
,330061,Blk 61 Geylang Bahru,336,336,0,0,,,,
,330062,Blk 62 Geylang Bahru,336,336,0,0,,,,
N,656290,Blk 290E Bukit Batok Street 24,,,,,THKMC (West),,,
,370012,Blk 12 Merpati Road,119,0,119,0,,,,
,370013,Blk 13 Merpati Road,120,0,120,0,,,,
,370014,Blk 14 Merpati Road,120,0,120,0,,,,
,370037,Blk 37 Circuit Road,452,0,452,117,Free Food For All,,,
,370051,Blk 51 Circuit Road,100,84,16,0,THK Seniors Activity Centre @ MacPherson @ Blk 90,,,
,370052,Blk 52 Circuit Road,100,0,100,20,THK Seniors Activity Centre @ MacPherson @ Blk 90,,,
N,600301,Blk 301 Jurong East Street 32,,,,,Loving Heart MSC (Jurong),,,
N,600302,Blk 302 Jurong East Street 32,,,,,Loving Heart MSC (Jurong),,,
N,600303,Blk 303 Jurong East Street 32,,,,,Loving Heart MSC (Jurong),,,
N,600304,Blk 304 Jurong East Street 32,,,,,Loving Heart MSC (Jurong),,,
N,600307,Blk 307 Jurong East Street 32,,,,,Loving Heart MSC (Jurong),,,
N,600308,Blk 308 Jurong East Street 32,,,,,Loving Heart MSC (Jurong),,,
,370068,Blk 68 Circuit Road,100,0,100,20,THK Seniors Activity Centre @ MacPherson @ Blk 90,,,
,370070,Blk 70 Circuit Road,100,0,100,20,THK Seniors Activity Centre @ MacPherson @ Blk 90,,,
,370071,Blk 71 Circuit Road,84,0,84,16,THK Seniors Activity Centre @ MacPherson @ Blk 90,,,
,370072,Blk 72 Circuit Road,84,0,84,16,THK Seniors Activity Centre @ MacPherson @ Blk 90,,,
,370090,Blk 90 Pipit Road,274,274,0,0,THK Seniors Activity Centre @ MacPherson @ Blk 90,,,
N,600319,Blk 319 Jurong East Street 31,,,,,Loving Heart MSC (Yuhua),,,
N,600326,Blk 326 Jurong East Street 31,,,,,Loving Heart MSC (Yuhua),,,
N,600315,Blk 315 Jurong East Street 32,,,,,Loving Heart MSC (Jurong),,,
,370094,Blk 94 Pipit Road,220,220,0,0,THK Seniors Activity Centre @ MacPherson @ Blk 90,,,
,380019,Blk 19 Upper Boon Keng Road,360,0,360,0,,,,
,380055,Blk 55 Sims Drive,0,?,?,?,,,,
,380096,Blk 96 Aljunied Crescent,144,0,144,0,,,,
,380100,Blk 100 Aljunied Crescent,198,198,0,0,,,,
,380103,Blk 103 Aljunied Crescent,154,0,154,0,,,,
,390002,Blk 2 Dakota Close,0,?,?,?,,,,
N,600330,Blk 330 Jurong East Avenue 1,,,,,Loving Heart MSC (Jurong),,,
,390014,Blk 14 Old Airport Road,28,0,28,28,,,,
N,611337,Blk 337A Tah Ching Road,,,,,Loving Heart MSC (Jurong),,,
N,600341,Blk 341 Jurong East Avenue 1,,,,,Loving Heart MSC (Jurong),,,
,390022,Blk 22 Old Airport Road,28,0,28,28,,,,
,390052,Blk 52 Cassia Crescent,501,187,314,83,THK SAC @ Cassia Crescent,,,
,400001,Blk 1 Eunos Crescent,247,0,247,0,,,,
,400002,Blk 2 Eunos Crescent,247,0,247,0,,,,
,400012,Blk 12 Eunos Crescent,247,0,247,0,,,,
,440015,Blk 15 Marine Terrace,270,0,270,0,"Willing Hearts, Di Zang Lin, SG Food Rescue",,,
,440016,Blk 16 Marine Terrace,270,0,270,0,"Willing Hearts, Di Zang Lin, SG Food Rescue",,,
,440051,Blk 51 Marine Terrace,270,0,270,0,,,,
,440052,Blk 52 Marine Terrace,270,0,270,0,"Willing Hearts, Di Zang Lin",,,
,440053,Blk 53 Marine Terrace,270,0,270,0,,,,
,460012,Blk 12 Bedok South Avenue 2,308,308,0,0,"THK Bedok Radiance SAC, Workers Party & Food Bank",,,
,460013,Blk 13 Bedok South Road,234,0,234,0,Workers Party & Food Bank,,,
,460024,Blk 24 Chai Chee Road,264,264,0,0,"Willing Hearts, THKMC (East), CDL",,,
,460030,Blk 30 Chai Chee Avenue,216,216,0,0,,,,
,460038,Blk 38 Bedok South Road,176,176,0,0,,,,
,460101,Blk 101 Bedok North Avenue 4,168,168,0,0,,,,
,460106,Blk 106 Bedok North Avenue 4,168,168,0,0,,,,
,460113,Blk 113 Bedok North Street 2,168,168,0,0,,,,
,460114,Blk 114 Bedok North Street 2,168,168,0,0,,,,
,460514,Blk 514 Bedok North Avenue 2,144,0,144,0,"THKMC (East), THK SAC @ Kaki Bukit @ Blk 509B",,,
,460541,Blk 541 Bedok North Street 3,160,0,160,0,,,,
,460544,Blk 544 Bedok North Street 3,286,286,0,0,,,,
,460556,Blk 556 Bedok North Street 3,266,126,140,0,,,,
,460557,Blk 557 Bedok North Street 3,280,154,126,0,,,,
,461022,Blk 22 Chai Chee Road,264,264,0,0,"THKMC (East), CDL, Willing Hearts",,,
,461023,Blk 23 Chai Chee Road,264,264,0,0,"THKMC (East), CDL, Willing Hearts",,,
N,640423,Blk 423 Jurong West Avenue 1,,,,,Loving Heart MSC (Jurong),,,
N,640431,Blk 431 Jurong West Avenue 1,,,,,Loving Heart MSC (Jurong),,,
,461031,Blk 31 Chai Chee Avenue,216,216,0,0,,,,
,461038,Blk 38 Chai Chee Avenue,216,216,0,0,,,,
,461039,Blk 39 Chai Chee Avenue,216,216,0,0,,,,
N,640440,Blk 440 Jurong West Avenue 1,,,,,Loving Heart MSC (Jurong),,,
,511476,Blk 476A Pasir Ris Drive 6,220,176,44,0,,,,
,520204,Blk 204 Tampines Street 21,40,20,20,80,,,,
,520441,Blk 441 Tampines Street 43,40,25,15,0,,,,
,520442,Blk 442 Tampines Street 43,80,42,38,0,,,,
,520466,Blk 466 Tampines Street 44,80,42,38,0,,,,
,520471,Blk 471 Tampines Street 44,40,25,15,0,,,,
N,640456,Blk 456 Jurong West Street 41,,,,,Loving Heart MSC (Jurong),,,
,521208,Blk 208A Tampines Avenue 2,150,110,40,0,,,,
N,640463,Blk 463 Jurong West Street 41,,,,,Loving Heart MSC (Jurong),,,
,521872,Blk 872A Tampines Street 86,240,135,105,0,,,,
,521885,Blk 885A Tampines Street 83,234,182,52,0,,,,
,522299,Blk 299B Tampines Street 22,270,198,72,0,Care Corner FSC,,,
,522872,Blk 872B Tampines Street 86,270,165,105,0,,,,
,523499,Blk 499C Tampines Avenue 9,228,131,97,0,,,,
,525492,Blk 492E Tampines Street 45,253,154,99,0,,,,
,526492,Blk 492F Tampines Street 45,198,132,66,0,,,,
N,640480,Blk 480 Jurong West Street 41,,,,,Loving Heart MSC (Jurong),,,
N,640484,Blk 484 Jurong West Avenue 1,,,,,Loving Heart MSC (Jurong),,,
,530025,Blk 25 Hougang Avenue 3,247,0,247,0,,,,
N,640491,Blk 491 Jurong West Avenue 1,,,,,Loving Heart MSC (Jurong),,,
,530313,Blk 313 Hougang Avenue 5,72,24,48,108,,,,
,530316,Blk 316 Hougang Avenue 7,30,10,20,105,,,,
N,640499,Blk 499 Jurong West Street 41,,,,,Loving Heart MSC (Jurong),,,
,531008,Blk 8 Lorong Lew Lian,154,0,154,0,,,,
,533986,Blk 986C Buangkok Crescent,195,150,45,0,,,,
,535986,Blk 986D Buangkok Crescent,195,150,45,1,,,,
,539174,Blk 174C Hougang Avenue 1,209,99,110,0,Fei Yue SAC @ Blk 174A,,,
,539174,Blk 174D Hougang Avenue 1,208,99,109,0,,,,
,540182,Blk 180C Marsiling Road,420,180,240,0,,,,
,540182,Blk 182 Rivervale Crescent,438,323,115,0,COMNET SAC,,,
N,462509,Blk 509 Bedok North Street 3,,,,,THKMC (East),,,
,540350,Blk 350 Anchorvale Road,344,173,171,0,,,,
,550157,Blk 156 Mei Ling Street,166,0,166,0,,,,
,550157,Blk 157 Serangoon North Avenue 1,195,90,105,0,,,,
,551223,Blk 223A Serangoon Avenue 4,247,182,65,0,,,,
,560115,Blk 115 Ang Mo Kio Avenue 4,200,200,0,0,THK SAC @ AMK 257,,,
,560116,Blk 116 Ang Mo Kio Avenue 4,160,0,160,0,THK SAC @ AMK 257,,,
,560123,Blk 123 Ang Mo Kio Avenue 6,192,192,0,0,AWWA Community Home For Senior Citizen,,,
,560125,Blk 125 Ang Mo Kio Avenue 6,160,0,160,0,,,,
,560203,Blk 203 Ang Mo Kio Avenue 3,160,0,160,0,THK SAC @ AMK 208,,,
,560206,Blk 206 Ang Mo Kio Avenue 1,160,0,160,0,THK SAC @ AMK 208,,,
N,640515,Blk 515 Jurong West Street 52,,,,,Loving Heart MSC (Jurong),,,
N,640518,Blk 518 Jurong West Street 52,,,,,Loving Heart MSC (Jurong),,,
,560217,Blk 217 Ang Mo Kio Avenue 1,240,200,40,0,"THK SAC @ AMK 208, SG Food Rescue",,,
,560224,Blk 224 Ang Mo Kio Avenue 1,160,0,160,0,THK SAC @ AMK 208,,,
,560244,Blk 244 Ang Mo Kio Avenue 3,154,0,154,0,THK SAC @ AMK 257,,,
N,150052,Blk 52 Lengkok Bahru,,,,,"Free Food For All, South Central Community FSC",,,
,560245,Blk 245 Ang Mo Kio Avenue 3,154,0,154,0,THK SAC @ AMK 257,,,
,560257,Blk 257 Ang Mo Kio Avenue 4,264,264,0,0,THK SAC @ AMK 257,,,
N,640520,Blk 520 Jurong West Street 52,,,,,Loving Heart MSC (Jurong),,,
N,640525,Blk 525 Jurong West Street 52,,,,,Loving Heart MSC (Jurong),,,
,560314,Blk 314 Ang Mo Kio Avenue 3,242,0,242,0,,,,
N,640530,Blk 530 Jurong West Street 52,,,,,Loving Heart MSC (Jurong),,,
N,641530,Blk 530A Jurong West Avenue 1,,,,,Loving Heart MSC (Jurong),,,
,560318,Blk 318 Ang Mo Kio Avenue 1,198,198,0,0,,,,
,560323,Blk 323 Ang Mo Kio Avenue 3,154,0,154,0,Cheng San FSC,,,
N,640539,Blk 539 Jurong West Avenue 1,,,,,Loving Heart MSC (Jurong),,,
,560406,Blk 406 Ang Mo Kio Avenue 10,220,0,220,0,,,,
,560420,Blk 420 Ang Mo Kio Avenue 10,264,264,0,0,COMNET SAC (Ang Mo Kio FSC),,,
,560469,Blk 469 Ang Mo Kio Avenue 10,220,0,220,0,COMNET SAC (Ang Mo Kio FSC),,,
,560508,Blk 508 Ang Mo Kio Avenue 8,160,0,160,0,COMNET SAC @ Blk 510,,,
,560510,Blk 510 Ang Mo Kio Avenue 8,160,0,160,0,COMNET SAC @ Blk 510,,,
,560626,Blk 626 Ang Mo Kio Avenue 4,240,0,240,0,,,,
N,640550,Blk 550 Jurong West Street 42,,,,,Loving Heart MSC (Jurong),,,
,560641,Blk 641 Ang Mo Kio Avenue 4,240,0,240,0,"Free Food For All, AMK FSC",,,
,560645,Blk 645 Ang Mo Kio Avenue 6,352,0,352,0,THK SAC@ AMK 645,,,
,560647,Blk 647 Ang Mo Kio Avenue 6,192,0,192,0,,,,
,570026,Blk 26 Sector A Sin Ming Industrial Estate,396,396,0,0,COMNET SAC,,,
,570410,Blk 410 Sin Ming Avenue,408,168,240,0,COMNET SAC,,,
,600373,Blk 373 Jurong East Street 32,231,176,55,0,Loving Heart MSC (Jurong),,,
,600374,Blk 374 Jurong East Street 32,231,176,55,0,Loving Heart MSC (Jurong),,,
,610116,Blk 116 Ho Ching Road,160,0,160,0,Loving Heart MSC (Jurong),,,
,610117,Blk 117 Ho Ching Road,160,0,160,0,Loving Heart MSC (Jurong),,,
,610118,Blk 118 Corporation Drive,160,0,160,0,,,,
,640178,Blk 178 Boon Lay Drive,198,158,40,0,,,,
,640188,Blk 188 Boon Lay Drive,249,36,213,0,THK SAC @ Boon Lay @ Blk 190,,,
,640191,Blk 191 Boon Lay Drive,499,48,451,0,THK SAC @ Boon Lay @ Blk 190,,,
,641967,Blk 967A Jurong West Street 93,221,91,130,0,Free Food For All,,,
,642967,Blk 967B Jurong West Street 93,325,182,143,0,,,,
,650109,Blk 109 Bukit Batok West Avenue 6,40,20,20,75,Fei Yue SAC ,,,
,650412,Blk 412 Bukit Batok West Avenue 4,224,80,144,0,,,,
,651210,Blk 210A Bukit Batok Street 21,,,,,Fei Yue SAC,,,
,651447,Blk 447A Bukit Batok West Avenue 9,432,208,224,0,,,,
,671632,Blk 632A Senja Road,163,109,54,0,"Fei Yue SAC @ Blk 634B, Zhenghua Indian Active Executive Committee",,,
,671632,Blk 632B Senja Road,134,114,20,0,"Fei Yue SAC @ Blk 634B, Zhenghua Indian Active Executive Committee",,,
,680009,Blk 9 Teck Whye Lane,240,0,240,0,Fei Yue SAC,,,
,680536,Blk 536 Choa Chu Kang Street 51,169,91,78,0,CDL,,,
N,640643,Blk 643 Jurong West Street 61,,,,,Loving Heart MSC (Jurong),,,
,680537,Blk 537 Choa Chu Kang Street 51,169,91,78,0,"CDL, Fei Yue @ Limbang Green @ Blk 574 Choa Chu Kang Street 52 (Eldercare Services)",,,
,688845,Blk 165A Teck Whye Crescent,290,173,117,0,Fei Yue FSC,,,
,730003,Blk 3 Marsiling Road,456,456,0,0,Care Corner FSC (Woodlands),,,
,730004,Blk 4 Marsiling Road,412,412,0,0,Care Corner FSC (Woodlands),,,
,730016,Blk 16 Marsiling Lane,260,0,260,0,,,,
,730218,Blk 218 Marsiling Crescent,60,0,60,78,,,,
,730806,Blk 806 Woodland Street 81,219,111,108,0,,,,
,730806,Blk 813A Choa Chu Kang Avenue 7,510,210,300,0,,,,
,730852,Blk 852 Woodland Street 83,179,64,115,0,,,,
,731569,Blk 569A Champions Way,270,210,60,0,Fei Yue FSC,,,
,731785,Blk 785A Woodlands Rise,413,221,192,0,,,,
,732569,Blk 569B Champions Way,230,170,60,0,,,,
,734693,Blk 693D Woodlands Avenue 6,504,276,228,0,,,,
,750462,Blk 462 Sembawang Drive,456,152,304,0,None,,,
,750512,Blk 512 Wellington Circle,130,78,52,0,,,,
,750513,Blk 513 Wellington Circle,156,91,65,0,,,,
,751106,Blk 106A Canberra Street,252,140,112,0,,,,
,751364,Blk 364A Sembawang Crescent,195,135,60,0,,,,
,752106,Blk 106B Canberra Street,252,140,112,0,,,,
,752364,Blk 364B Sembawang Crescent,117,39,78,0,,,,
,753363,Blk 363C Sembawang Crescent,330,180,150,0,,,,
,760108,Blk 108 Yishun Ring Road,32,16,16,144,,,,
N,730851,Blk 851 Woodlands Street 83,,,,,Free Food For All,,,
,760162,Blk 162 Yishun Street 11,392,294,98,0,,,,
,760436,Blk 436 Yishun Avenue 11,176,110,66,0,,,,
,760438,Blk 438 Yishun Avenue 11,176,110,66,0,,,,
,761269,Blk 269A Yishun Street 22,238,98,140,0,,,,
,761510,Blk 510A Yishun Street 51,288,156,132,0,None,,,
,762269,Blk 269B Yishun Street 22,238,98,140,0,,,,
,762510,Blk 510B Yishun Street 51,288,156,132,0,None,,,
,791446,Blk 446A Jalan Kayu,294,189,105,0,,,,
,821121,Blk 121A Edgedale Plains,446,170,276,0,,,,
,821206,Blk 206A Punggol Place,375,285,90,0,COMNET SAC,,,
,821223,Blk 223A Sumang Lane,504,280,224,0,,,,
,821326,Blk 326A Sumang Walk,240,120,120,0,,,,
,821621,Blk 621A Edgefield Walk,256,208,48,0,,,,
,822326,Blk 326B Sumang Walk,190,95,95,0,,,,
,822621,Blk 621B Edgefield Walk,256,208,48,0,,,,
,wrong address,Blk 117 Boon Lay Drive,198,158,40,0,,,,
,wrong address,Blk 201A Bukit Batok Street 21,360,285,75,0,,,,
,wrong address,Blk 511 French Road,180,180,0,0,,,,